<TextureAtlas imagePath="scifiRTS_spritesheet.png">
	<SubTexture name="scifiEnvironment_01.png" x="397" y="203" width="38" height="35"/>
	<SubTexture name="scifiEnvironment_02.png" x="402" y="36" width="38" height="35"/>
	<SubTexture name="scifiEnvironment_03.png" x="18" y="495" width="18" height="16"/>
	<SubTexture name="scifiEnvironment_04.png" x="394" y="485" width="32" height="28"/>
	<SubTexture name="scifiEnvironment_05.png" x="396" y="171" width="38" height="32"/>
	<SubTexture name="scifiEnvironment_06.png" x="396" y="136" width="38" height="35"/>
	<SubTexture name="scifiEnvironment_07.png" x="404" y="0" width="38" height="35"/>
	<SubTexture name="scifiEnvironment_08.png" x="396" y="335" width="38" height="35"/>
	<SubTexture name="scifiEnvironment_09.png" x="470" y="368" width="22" height="37"/>
	<SubTexture name="scifiEnvironment_10.png" x="433" y="370" width="37" height="38"/>
	<SubTexture name="scifiEnvironment_11.png" x="498" y="295" width="14" height="32"/>
	<SubTexture name="scifiEnvironment_12.png" x="470" y="453" width="19" height="46"/>
	<SubTexture name="scifiEnvironment_13.png" x="497" y="144" width="15" height="28"/>
	<SubTexture name="scifiEnvironment_14.png" x="468" y="227" width="27" height="44"/>
	<SubTexture name="scifiEnvironment_15.png" x="36" y="495" width="14" height="15"/>
	<SubTexture name="scifiEnvironment_16.png" x="468" y="88" width="20" height="23"/>
	<SubTexture name="scifiEnvironment_17.png" x="0" y="495" width="18" height="16"/>
	<SubTexture name="scifiEnvironment_18.png" x="356" y="180" width="32" height="28"/>
	<SubTexture name="scifiEnvironment_19.png" x="312" y="208" width="38" height="32"/>
	<SubTexture name="scifiEnvironment_20.png" x="256" y="426" width="38" height="35"/>
	<SubTexture name="scifiStructure_01.png" x="128" y="182" width="64" height="64"/>
	<SubTexture name="scifiStructure_02.png" x="318" y="64" width="44" height="64"/>
	<SubTexture name="scifiStructure_03.png" x="256" y="128" width="56" height="56"/>
	<SubTexture name="scifiStructure_04.png" x="256" y="184" width="56" height="56"/>
	<SubTexture name="scifiStructure_05.png" x="128" y="0" width="64" height="54"/>
	<SubTexture name="scifiStructure_06.png" x="192" y="461" width="60" height="48"/>
	<SubTexture name="scifiStructure_07.png" x="256" y="64" width="62" height="64"/>
	<SubTexture name="scifiStructure_08.png" x="320" y="0" width="44" height="44"/>
	<SubTexture name="scifiStructure_09.png" x="468" y="40" width="24" height="48"/>
	<SubTexture name="scifiStructure_10.png" x="436" y="296" width="24" height="36"/>
	<SubTexture name="scifiStructure_11.png" x="356" y="128" width="40" height="52"/>
	<SubTexture name="scifiStructure_12.png" x="362" y="44" width="40" height="52"/>
	<SubTexture name="scifiStructure_13.png" x="354" y="255" width="42" height="58"/>
	<SubTexture name="scifiStructure_14.png" x="468" y="175" width="28" height="52"/>
	<SubTexture name="scifiStructure_15.png" x="435" y="168" width="32" height="44"/>
	<SubTexture name="scifiStructure_16.png" x="436" y="212" width="32" height="44"/>
	<SubTexture name="scifiTile_01.png" x="128" y="246" width="64" height="64"/>
	<SubTexture name="scifiTile_02.png" x="128" y="310" width="64" height="64"/>
	<SubTexture name="scifiTile_03.png" x="128" y="374" width="64" height="64"/>
	<SubTexture name="scifiTile_04.png" x="192" y="192" width="64" height="64"/>
	<SubTexture name="scifiTile_05.png" x="0" y="367" width="64" height="64"/>
	<SubTexture name="scifiTile_06.png" x="192" y="350" width="64" height="64"/>
	<SubTexture name="scifiTile_07.png" x="256" y="0" width="64" height="64"/>
	<SubTexture name="scifiTile_08.png" x="467" y="111" width="30" height="64"/>
	<SubTexture name="scifiTile_09.png" x="192" y="320" width="64" height="30"/>
	<SubTexture name="scifiTile_10.png" x="192" y="256" width="64" height="64"/>
	<SubTexture name="scifiTile_11.png" x="192" y="414" width="64" height="47"/>
	<SubTexture name="scifiTile_12.png" x="0" y="256" width="64" height="47"/>
	<SubTexture name="scifiTile_13.png" x="0" y="192" width="64" height="64"/>
	<SubTexture name="scifiTile_14.png" x="0" y="128" width="64" height="64"/>
	<SubTexture name="scifiTile_15.png" x="128" y="118" width="64" height="64"/>
	<SubTexture name="scifiTile_16.png" x="192" y="128" width="64" height="64"/>
	<SubTexture name="scifiTile_17.png" x="192" y="64" width="64" height="64"/>
	<SubTexture name="scifiTile_18.png" x="192" y="0" width="64" height="64"/>
	<SubTexture name="scifiTile_19.png" x="128" y="438" width="64" height="64"/>
	<SubTexture name="scifiTile_20.png" x="128" y="54" width="64" height="64"/>
	<SubTexture name="scifiTile_21.png" x="0" y="303" width="64" height="64"/>
	<SubTexture name="scifiTile_22.png" x="307" y="283" width="47" height="43"/>
	<SubTexture name="scifiTile_23.png" x="354" y="208" width="43" height="47"/>
	<SubTexture name="scifiTile_24.png" x="256" y="390" width="50" height="36"/>
	<SubTexture name="scifiTile_25.png" x="306" y="354" width="47" height="64"/>
	<SubTexture name="scifiTile_26.png" x="303" y="426" width="47" height="64"/>
	<SubTexture name="scifiTile_27.png" x="64" y="448" width="64" height="64"/>
	<SubTexture name="scifiTile_28.png" x="64" y="384" width="64" height="64"/>
	<SubTexture name="scifiTile_29.png" x="64" y="320" width="64" height="64"/>
	<SubTexture name="scifiTile_30.png" x="64" y="256" width="64" height="64"/>
	<SubTexture name="scifiTile_31.png" x="64" y="192" width="64" height="64"/>
	<SubTexture name="scifiTile_32.png" x="64" y="128" width="64" height="64"/>
	<SubTexture name="scifiTile_33.png" x="64" y="64" width="64" height="64"/>
	<SubTexture name="scifiTile_34.png" x="64" y="0" width="64" height="64"/>
	<SubTexture name="scifiTile_35.png" x="0" y="431" width="64" height="64"/>
	<SubTexture name="scifiTile_36.png" x="353" y="326" width="43" height="47"/>
	<SubTexture name="scifiTile_37.png" x="307" y="240" width="47" height="43"/>
	<SubTexture name="scifiTile_38.png" x="256" y="354" width="50" height="36"/>
	<SubTexture name="scifiTile_39.png" x="434" y="458" width="36" height="50"/>
	<SubTexture name="scifiTile_40.png" x="434" y="408" width="36" height="50"/>
	<SubTexture name="scifiTile_41.png" x="0" y="64" width="64" height="64"/>
	<SubTexture name="scifiTile_42.png" x="0" y="0" width="64" height="64"/>
	<SubTexture name="scifiUnit_01.png" x="496" y="175" width="16" height="24"/>
	<SubTexture name="scifiUnit_02.png" x="497" y="120" width="16" height="24"/>
	<SubTexture name="scifiUnit_03.png" x="468" y="271" width="20" height="24"/>
	<SubTexture name="scifiUnit_04.png" x="470" y="405" width="20" height="24"/>
	<SubTexture name="scifiUnit_05.png" x="497" y="96" width="16" height="24"/>
	<SubTexture name="scifiUnit_06.png" x="434" y="136" width="32" height="32"/>
	<SubTexture name="scifiUnit_07.png" x="353" y="373" width="40" height="36"/>
	<SubTexture name="scifiUnit_08.png" x="466" y="296" width="32" height="40"/>
	<SubTexture name="scifiUnit_09.png" x="256" y="278" width="51" height="38"/>
	<SubTexture name="scifiUnit_10.png" x="312" y="128" width="44" height="40"/>
	<SubTexture name="scifiUnit_11.png" x="396" y="96" width="40" height="40"/>
	<SubTexture name="scifiUnit_12.png" x="492" y="24" width="16" height="24"/>
	<SubTexture name="scifiUnit_13.png" x="496" y="199" width="16" height="24"/>
	<SubTexture name="scifiUnit_14.png" x="490" y="429" width="16" height="24"/>
	<SubTexture name="scifiUnit_15.png" x="440" y="40" width="20" height="24"/>
	<SubTexture name="scifiUnit_16.png" x="470" y="429" width="20" height="24"/>
	<SubTexture name="scifiUnit_17.png" x="495" y="227" width="16" height="24"/>
	<SubTexture name="scifiUnit_18.png" x="466" y="336" width="32" height="32"/>
	<SubTexture name="scifiUnit_19.png" x="364" y="0" width="40" height="36"/>
	<SubTexture name="scifiUnit_20.png" x="436" y="71" width="32" height="40"/>
	<SubTexture name="scifiUnit_21.png" x="256" y="240" width="51" height="38"/>
	<SubTexture name="scifiUnit_22.png" x="350" y="458" width="44" height="40"/>
	<SubTexture name="scifiUnit_23.png" x="396" y="255" width="40" height="40"/>
	<SubTexture name="scifiUnit_24.png" x="492" y="48" width="16" height="24"/>
	<SubTexture name="scifiUnit_25.png" x="492" y="72" width="16" height="24"/>
	<SubTexture name="scifiUnit_26.png" x="490" y="0" width="16" height="24"/>
	<SubTexture name="scifiUnit_27.png" x="436" y="111" width="20" height="24"/>
	<SubTexture name="scifiUnit_28.png" x="402" y="71" width="20" height="24"/>
	<SubTexture name="scifiUnit_29.png" x="492" y="368" width="16" height="24"/>
	<SubTexture name="scifiUnit_30.png" x="362" y="96" width="32" height="32"/>
	<SubTexture name="scifiUnit_31.png" x="394" y="449" width="40" height="36"/>
	<SubTexture name="scifiUnit_32.png" x="442" y="0" width="32" height="40"/>
	<SubTexture name="scifiUnit_33.png" x="252" y="461" width="51" height="38"/>
	<SubTexture name="scifiUnit_34.png" x="350" y="418" width="44" height="40"/>
	<SubTexture name="scifiUnit_35.png" x="396" y="295" width="40" height="40"/>
	<SubTexture name="scifiUnit_36.png" x="489" y="477" width="16" height="24"/>
	<SubTexture name="scifiUnit_37.png" x="489" y="453" width="16" height="24"/>
	<SubTexture name="scifiUnit_38.png" x="490" y="405" width="16" height="24"/>
	<SubTexture name="scifiUnit_39.png" x="327" y="326" width="20" height="24"/>
	<SubTexture name="scifiUnit_40.png" x="307" y="326" width="20" height="24"/>
	<SubTexture name="scifiUnit_41.png" x="474" y="0" width="16" height="24"/>
	<SubTexture name="scifiUnit_42.png" x="434" y="335" width="32" height="32"/>
	<SubTexture name="scifiUnit_43.png" x="393" y="373" width="40" height="36"/>
	<SubTexture name="scifiUnit_44.png" x="436" y="256" width="32" height="40"/>
	<SubTexture name="scifiUnit_45.png" x="256" y="316" width="51" height="38"/>
	<SubTexture name="scifiUnit_46.png" x="312" y="168" width="44" height="40"/>
	<SubTexture name="scifiUnit_47.png" x="394" y="409" width="40" height="40"/>
	<SubTexture name="scifiUnit_48.png" x="488" y="271" width="16" height="24"/>
</TextureAtlas>