<TextureAtlas imagePath="scifiRTS_spritesheet@2.png">
	<SubTexture name="scifiEnvironment_01.png" x="932" y="112" width="40" height="46"/>
	<SubTexture name="scifiEnvironment_02.png" x="708" y="576" width="36" height="32"/>
	<SubTexture name="scifiEnvironment_03.png" x="804" y="180" width="64" height="56"/>
	<SubTexture name="scifiEnvironment_04.png" x="624" y="416" width="76" height="64"/>
	<SubTexture name="scifiEnvironment_05.png" x="787" y="816" width="76" height="70"/>
	<SubTexture name="scifiEnvironment_06.png" x="788" y="722" width="76" height="70"/>
	<SubTexture name="scifiEnvironment_07.png" x="788" y="652" width="76" height="70"/>
	<SubTexture name="scifiEnvironment_08.png" x="744" y="576" width="36" height="32"/>
	<SubTexture name="scifiEnvironment_09.png" x="868" y="180" width="64" height="56"/>
	<SubTexture name="scifiEnvironment_10.png" x="786" y="960" width="76" height="64"/>
	<SubTexture name="scifiEnvironment_11.png" x="788" y="582" width="76" height="70"/>
	<SubTexture name="scifiEnvironment_12.png" x="788" y="512" width="76" height="70"/>
	<SubTexture name="scifiEnvironment_13.png" x="792" y="256" width="76" height="70"/>
	<SubTexture name="scifiEnvironment_14.png" x="930" y="316" width="44" height="73"/>
	<SubTexture name="scifiEnvironment_15.png" x="792" y="326" width="74" height="76"/>
	<SubTexture name="scifiEnvironment_16.png" x="981" y="740" width="28" height="64"/>
	<SubTexture name="scifiEnvironment_17.png" x="932" y="158" width="38" height="92"/>
	<SubTexture name="scifiEnvironment_18.png" x="978" y="948" width="30" height="56"/>
	<SubTexture name="scifiEnvironment_19.png" x="927" y="764" width="54" height="88"/>
	<SubTexture name="scifiEnvironment_20.png" x="868" y="470" width="28" height="30"/>
	<SubTexture name="scifiStructure_01.png" x="876" y="64" width="56" height="104"/>
	<SubTexture name="scifiStructure_02.png" x="866" y="872" width="64" height="88"/>
	<SubTexture name="scifiStructure_03.png" x="864" y="612" width="64" height="88"/>
	<SubTexture name="scifiStructure_04.png" x="256" y="410" width="128" height="128"/>
	<SubTexture name="scifiStructure_05.png" x="636" y="128" width="88" height="128"/>
	<SubTexture name="scifiStructure_06.png" x="512" y="368" width="112" height="112"/>
	<SubTexture name="scifiStructure_07.png" x="512" y="256" width="112" height="112"/>
	<SubTexture name="scifiStructure_08.png" x="0" y="734" width="128" height="108"/>
	<SubTexture name="scifiStructure_09.png" x="256" y="922" width="120" height="96"/>
	<SubTexture name="scifiStructure_10.png" x="512" y="128" width="124" height="128"/>
	<SubTexture name="scifiStructure_11.png" x="614" y="608" width="88" height="88"/>
	<SubTexture name="scifiStructure_12.png" x="930" y="924" width="48" height="96"/>
	<SubTexture name="scifiStructure_13.png" x="930" y="852" width="48" height="72"/>
	<SubTexture name="scifiStructure_14.png" x="724" y="80" width="80" height="104"/>
	<SubTexture name="scifiStructure_15.png" x="788" y="408" width="80" height="104"/>
	<SubTexture name="scifiStructure_16.png" x="707" y="702" width="81" height="114"/>
	<SubTexture name="scifiTile_01.png" x="128" y="128" width="128" height="128"/>
	<SubTexture name="scifiTile_02.png" x="128" y="256" width="128" height="128"/>
	<SubTexture name="scifiTile_03.png" x="128" y="384" width="128" height="128"/>
	<SubTexture name="scifiTile_04.png" x="128" y="512" width="128" height="128"/>
	<SubTexture name="scifiTile_05.png" x="128" y="640" width="128" height="128"/>
	<SubTexture name="scifiTile_06.png" x="128" y="768" width="128" height="128"/>
	<SubTexture name="scifiTile_07.png" x="128" y="896" width="128" height="128"/>
	<SubTexture name="scifiTile_08.png" x="928" y="612" width="60" height="128"/>
	<SubTexture name="scifiTile_09.png" x="256" y="128" width="128" height="60"/>
	<SubTexture name="scifiTile_10.png" x="256" y="188" width="128" height="128"/>
	<SubTexture name="scifiTile_11.png" x="256" y="316" width="128" height="94"/>
	<SubTexture name="scifiTile_12.png" x="0" y="640" width="128" height="94"/>
	<SubTexture name="scifiTile_13.png" x="0" y="384" width="128" height="128"/>
	<SubTexture name="scifiTile_14.png" x="0" y="512" width="128" height="128"/>
	<SubTexture name="scifiTile_15.png" x="256" y="794" width="128" height="128"/>
	<SubTexture name="scifiTile_16.png" x="384" y="0" width="128" height="128"/>
	<SubTexture name="scifiTile_17.png" x="384" y="128" width="128" height="128"/>
	<SubTexture name="scifiTile_18.png" x="384" y="256" width="128" height="128"/>
	<SubTexture name="scifiTile_19.png" x="256" y="666" width="128" height="128"/>
	<SubTexture name="scifiTile_20.png" x="384" y="640" width="128" height="128"/>
	<SubTexture name="scifiTile_21.png" x="384" y="768" width="128" height="128"/>
	<SubTexture name="scifiTile_22.png" x="606" y="928" width="94" height="86"/>
	<SubTexture name="scifiTile_23.png" x="702" y="608" width="86" height="94"/>
	<SubTexture name="scifiTile_24.png" x="512" y="856" width="100" height="72"/>
	<SubTexture name="scifiTile_25.png" x="614" y="480" width="94" height="128"/>
	<SubTexture name="scifiTile_26.png" x="612" y="784" width="95" height="128"/>
	<SubTexture name="scifiTile_27.png" x="0" y="128" width="128" height="128"/>
	<SubTexture name="scifiTile_28.png" x="0" y="0" width="128" height="128"/>
	<SubTexture name="scifiTile_29.png" x="0" y="256" width="128" height="128"/>
	<SubTexture name="scifiTile_30.png" x="384" y="896" width="128" height="128"/>
	<SubTexture name="scifiTile_31.png" x="512" y="0" width="128" height="128"/>
	<SubTexture name="scifiTile_32.png" x="384" y="384" width="128" height="128"/>
	<SubTexture name="scifiTile_33.png" x="384" y="512" width="128" height="128"/>
	<SubTexture name="scifiTile_34.png" x="0" y="842" width="128" height="128"/>
	<SubTexture name="scifiTile_35.png" x="256" y="538" width="128" height="128"/>
	<SubTexture name="scifiTile_36.png" x="700" y="912" width="86" height="94"/>
	<SubTexture name="scifiTile_37.png" x="512" y="928" width="94" height="86"/>
	<SubTexture name="scifiTile_38.png" x="512" y="784" width="100" height="72"/>
	<SubTexture name="scifiTile_39.png" x="804" y="80" width="72" height="100"/>
	<SubTexture name="scifiTile_40.png" x="864" y="512" width="72" height="100"/>
	<SubTexture name="scifiTile_41.png" x="128" y="0" width="128" height="128"/>
	<SubTexture name="scifiTile_42.png" x="256" y="0" width="128" height="128"/>
	<SubTexture name="scifiUnit_01.png" x="936" y="485" width="32" height="48"/>
	<SubTexture name="scifiUnit_02.png" x="0" y="970" width="40" height="48"/>
	<SubTexture name="scifiUnit_03.png" x="40" y="970" width="40" height="48"/>
	<SubTexture name="scifiUnit_04.png" x="932" y="250" width="32" height="48"/>
	<SubTexture name="scifiUnit_05.png" x="868" y="406" width="64" height="64"/>
	<SubTexture name="scifiUnit_06.png" x="707" y="816" width="80" height="72"/>
	<SubTexture name="scifiUnit_07.png" x="863" y="792" width="64" height="80"/>
	<SubTexture name="scifiUnit_08.png" x="512" y="708" width="102" height="76"/>
	<SubTexture name="scifiUnit_09.png" x="614" y="696" width="88" height="80"/>
	<SubTexture name="scifiUnit_10.png" x="708" y="416" width="80" height="80"/>
	<SubTexture name="scifiUnit_11.png" x="964" y="250" width="32" height="48"/>
	<SubTexture name="scifiUnit_12.png" x="936" y="0" width="32" height="48"/>
	<SubTexture name="scifiUnit_13.png" x="936" y="533" width="32" height="48"/>
	<SubTexture name="scifiUnit_14.png" x="80" y="970" width="40" height="48"/>
	<SubTexture name="scifiUnit_15.png" x="932" y="437" width="40" height="48"/>
	<SubTexture name="scifiUnit_16.png" x="972" y="389" width="32" height="48"/>
	<SubTexture name="scifiUnit_17.png" x="862" y="960" width="64" height="64"/>
	<SubTexture name="scifiUnit_18.png" x="786" y="888" width="80" height="72"/>
	<SubTexture name="scifiUnit_19.png" x="808" y="0" width="64" height="80"/>
	<SubTexture name="scifiUnit_20.png" x="512" y="556" width="102" height="76"/>
	<SubTexture name="scifiUnit_21.png" x="640" y="0" width="88" height="80"/>
	<SubTexture name="scifiUnit_22.png" x="708" y="496" width="80" height="80"/>
	<SubTexture name="scifiUnit_23.png" x="978" y="852" width="32" height="48"/>
	<SubTexture name="scifiUnit_24.png" x="968" y="485" width="32" height="48"/>
	<SubTexture name="scifiUnit_25.png" x="968" y="533" width="32" height="48"/>
	<SubTexture name="scifiUnit_26.png" x="640" y="80" width="40" height="48"/>
	<SubTexture name="scifiUnit_27.png" x="932" y="389" width="40" height="48"/>
	<SubTexture name="scifiUnit_28.png" x="970" y="158" width="32" height="48"/>
	<SubTexture name="scifiUnit_29.png" x="864" y="700" width="64" height="64"/>
	<SubTexture name="scifiUnit_30.png" x="712" y="256" width="80" height="72"/>
	<SubTexture name="scifiUnit_31.png" x="866" y="326" width="64" height="80"/>
	<SubTexture name="scifiUnit_32.png" x="512" y="632" width="102" height="76"/>
	<SubTexture name="scifiUnit_33.png" x="624" y="336" width="88" height="80"/>
	<SubTexture name="scifiUnit_34.png" x="712" y="328" width="80" height="80"/>
	<SubTexture name="scifiUnit_35.png" x="972" y="48" width="32" height="48"/>
	<SubTexture name="scifiUnit_36.png" x="972" y="96" width="32" height="48"/>
	<SubTexture name="scifiUnit_37.png" x="972" y="437" width="32" height="48"/>
	<SubTexture name="scifiUnit_38.png" x="680" y="80" width="40" height="48"/>
	<SubTexture name="scifiUnit_39.png" x="932" y="64" width="40" height="48"/>
	<SubTexture name="scifiUnit_40.png" x="974" y="298" width="32" height="48"/>
	<SubTexture name="scifiUnit_41.png" x="872" y="0" width="64" height="64"/>
	<SubTexture name="scifiUnit_42.png" x="724" y="184" width="80" height="72"/>
	<SubTexture name="scifiUnit_43.png" x="868" y="236" width="64" height="80"/>
	<SubTexture name="scifiUnit_44.png" x="512" y="480" width="102" height="76"/>
	<SubTexture name="scifiUnit_45.png" x="624" y="256" width="88" height="80"/>
	<SubTexture name="scifiUnit_46.png" x="728" y="0" width="80" height="80"/>
	<SubTexture name="scifiUnit_47.png" x="968" y="0" width="32" height="48"/>
	<SubTexture name="scifiUnit_48.png" x="978" y="900" width="32" height="48"/>
</TextureAtlas>